"time","lon","lat","depth","temp","i","j","k","l"
2023-03-01 12:00:00,147.8,-43.5,5,16.8564411439002,1478,315,1,4808
2023-03-02 12:00:00,147.962068965517,-43.3448275862069,6,17.0899077411741,1480,317,2,4809
2023-03-03 12:00:00,148.124137931034,-43.1896551724138,7,17.7825253130868,1482,319,2,4810
2023-03-04 12:00:00,148.286206896552,-43.0344827586207,10,18.3661918062717,1483,320,2,4811
2023-03-05 12:00:00,148.448275862069,-42.8793103448276,14,18.6619161628187,1485,322,3,4812
2023-03-06 12:00:00,148.610344827586,-42.7241379310345,19,18.9265116397291,1487,323,4,4813
2023-03-07 12:00:00,148.772413793103,-42.5689655172414,25,18.8798183202744,1488,325,5,4814
2023-03-08 12:00:00,148.934482758621,-42.4137931034483,32,18.856471660547,1490,326,7,4815
2023-03-09 12:00:00,149.096551724138,-42.2586206896552,39,18.5996584035456,1491,328,8,4816
2023-03-10 12:00:00,149.258620689655,-42.1034482758621,48,18.5918761836365,1493,329,9,4817
2023-03-11 12:00:00,149.420689655172,-41.948275862069,57,18.0938141094521,1495,331,10,4818
2023-03-12 12:00:00,149.58275862069,-41.7931034482759,66,17.0665610814467,1496,333,11,4819
2023-03-13 12:00:00,149.744827586207,-41.6379310344828,76,16.7241434054449,1498,334,12,4820
2023-03-14 12:00:00,149.906896551724,-41.4827586206897,87,17.2922454588115,1500,336,13,4821
2023-03-15 12:00:00,150.068965517241,-41.3275862068966,97,17.0120855420828,1501,337,14,4822
2023-03-16 12:00:00,150.231034482759,-41.1724137931034,108,17.1910765999928,1503,339,15,4823
2023-03-17 12:00:00,150.393103448276,-41.0172413793103,118,17.4089787574485,1504,340,16,4824
2023-03-18 12:00:00,150.555172413793,-40.8620689655172,129,16.8097478244454,1506,342,17,4825
2023-03-19 12:00:00,150.71724137931,-40.7068965517241,139,16.7630545049906,1508,343,18,4826
2023-03-20 12:00:00,150.879310344828,-40.551724137931,148,16.5918456669897,1509,345,19,4827
2023-03-21 12:00:00,151.041379310345,-40.3965517241379,157,15.9303569747135,1511,347,20,4828
2023-03-22 12:00:00,151.203448275862,-40.2413793103448,166,15.0665305647999,1513,348,21,4829
2023-03-23 12:00:00,151.365517241379,-40.0862068965517,173,14.187139715068,1514,350,22,4830
2023-03-24 12:00:00,151.527586206897,-39.9310344827586,180,13.4089177241549,1516,351,22,4831
2023-03-25 12:00:00,151.689655172414,-39.7758620689655,186,12.9108556499705,1517,353,23,4832
2023-03-26 12:00:00,151.851724137931,-39.6206896551724,191,12.0703758997843,1519,354,24,4833
2023-03-27 12:00:00,152.013793103448,-39.4655172413793,195,12.2493669576943,1521,356,24,4834
2023-03-28 12:00:00,152.175862068966,-39.3103448275862,198,12.8641623305157,1522,357,24,4835
2023-03-29 12:00:00,152.337931034483,-39.1551724137931,199,14.420606312342,1524,359,24,4836
2023-03-30 12:00:00,152.5,-39,200,13.7591176200658,1525,360,24,4837
